werd,definition,part_of_speech,pronunciation,origin,language,tags,source_1,source_2,created_by,created_at,is_curated,,,,,,,fact_check_notes
ab invito,Against one's will,phr.,ab in-VEE-toh,,Latin,philosophical,https://www.latin-is-simple.com/en/vocabulary/phrase/17/,,,,n,,,,,,ready_for_import,
abience,The strong urge to avoid someone or something.,n.,AB-ee-uhns,Formed in English,English,psychology,"https://www.vocabulary.com/dictionary/abience#:~:text=Definitions%20of%20abience,a%20situation%20or%20an%20object",,,,n,,,,,,imported,
absquatulate,To leave without saying goodbye,v.,ab-SKWOCH-uh-layt,Formed in American English,English,"humorous,slang",https://www.dictionary.com/browse/absquatulate,,,,n,,,,,,needs_revision,
a contrario,"From the opposite (i.e., on the contrary or au contraire)",phr.,ah kohn-TRAHR-ee-oh,,Latin,philosophical,https://en.wikipedia.org/wiki/List_of_Latin_phrases_(full),https://api.datamuse.com/words?sp=a%20contrario&md=dp&max=1,,,n,,,,,,,
acosmist,One who believes that nothing exists,n.,ay-KOZ-mist,Formed from Greek roots,English,"philosophical,obscure",https://www.britannica.com/topic/acosmism,,,,n,,,,,,,
acrophobia,Fear of heights (also referred to as 'hypsophobia'),n.,ak-ruh-FOH-bee-uh,Formed from Greek roots,English,"psychology,phobia",https://www.dictionary.com/browse/acrophobia,,,,n,,,,,,,
"acta, non verba","Deeds, not words",phr.,AHK-tah nohn VEHR-bah,,Latin,philosophical,https://www.latin-is-simple.com/en/vocabulary/phrase/2653/,,,,y,,,,,,,
advocatus diaboli,Devil's advocate,phr.,ad-voh-KAH-toos dee-AH-boh-lee,,Latin,philosophical,,https://en.wikipedia.org/wiki/Devil%27s_advocate#Origin_and_history,,,n,,,,,,,
aerumnous,Full of trouble,adj.,uh-RUM-nuhs,,Latin,"obsolete,trait",https://www.merriam-webster.com/dictionary/aerumnous,,,,y,,,,,,,
agathokakological,Composed of both good and evil,adj.,ag-uh-thuh-kak-uh-LAHJ-uh-kuhl,Formed from Greek roots,English,"philosophical,obscure",https://wordsmith.org/words/agathokakological.html,,,,n,,,,,,,
agoraphobia,Fear of certain inescapable/unsafe situations; fear of closed spaces,n.,ag-uh-ruh-FOH-bee-uh,Formed from Greek roots,English,"psychology,phobia",https://www.mayoclinic.org/diseases-conditions/agoraphobia/symptoms-causes/syc-20355987,,,,y,,,,,,,
akrasia,The state of mind in which someone acts against their better judgment through weakness of will; lack of self control,n.,uh-KRAY-zhuh,Adopted from Greek,English,"philosophical,psychology,obscure",https://www.dictionary.com/browse/akrasia,,,,y,,,,,,,
alacrity,Eagerness or willingness to do something,n.,uh-LAK-ruh-tee,Adopted from Latin,English,trait,https://www.dictionary.com/browse/alacrity,,,,y,,,,,,,
allodoxaphobia,Fear of other people’s opinions.,n.,al-uh-DOK-suh-FOH-bee-uh,Formed from Greek roots,English,"psychology,phobia",https://my.klarity.health/deciphering-allodoxaphobia-the-fear-of-others-opinions/,,,,y,,,,,,,
allure,The quality of being powerfully and mysteriously attractive or fascinating.,n.,uh-LOOR,Adopted from Old French,English,romantic,https://www.merriam-webster.com/dictionary/allure,,,,y,,,,,,,
amenity,A pleasant or agreeable quality,n.,uh-MEN-uh-tee,Adopted from Latin via French,English,trait,https://www.dictionary.com/browse/amenity,,,,y,,,,,,,
anatidaephobia,Fear that a duck is watching you.,n.,an-uh-TID-uh-FOH-bee-uh,Modern coinage from Latin/Greek roots,English,"psychology,humorous,phobia",https://en.wiktionary.org/wiki/anatidaephobia,,,,y,,,,,,,
anaxiphilia,"The act of falling in love with someone entirely inappropriate, by someone who should know better",n.,an-uh-si-FIL-ee-uh,Formed from Greek roots,English,"romantic,obscure",https://interestingliterature.com/2018/04/a-dictionary-of-unusual-and-preposterous-words/,,,,y,,,,,,,
anhedonia,"A psychological condition characterized by the inability to experience pleasure or interest in activities that were previously enjoyable. It is a common symptom of depression, but can also occur in other mental health conditions, such as anxiety, schizophrenia",n.,an-hee-DOH-nee-uh,Adopted from Greek,English,psychology,https://www.dictionary.com/browse/Anhedonia,,,,y,,,,,,,
anuptaphobia,Fear of staying single.,n.,uh-NUHP-tuh-FOH-bee-uh,Formed from Greek roots,English,"psychology,phobia",https://www.fearof.net/fear-of-being-or-staying-single-phobia-anuptaphobia/,,,,n,,,,,,,
apiphobia,Fear of bees,n.,uh-pih-FOH-bee-uh,Formed from Latin/Greek roots,English,"psychology,phobia",https://www.fearof.net/fear-of-bees-phobia-apiphobia/,,,,y,,,,,,,
apodictic,Unquestionably true or certain,adj.,ap-uh-DIK-tik,Adopted from Greek,English,philosophical,,,,,n,,,,,,,
apothecary,A person who prepared and sold medicines and drugs:,n.,uh-POTH-uh-kair-ee,Adopted from Greek via Latin,English,"archaic,obsolete",https://en.wikipedia.org/wiki/Apothecary,,,,n,,,,,,,
arcane,"Secret, mysterious, understood by few",adj.,ar-KAYN,Adopted from Latin,English,"obscure,trait",https://www.dictionary.com/browse/Arcane,,,,y,,,,,,,
argle-bargle,A heated or confused argument,n.,AR-guhl BAR-guhl,Formed in Scots/English,English,"humorous,slang",https://en.wiktionary.org/wiki/argle-bargle,,,,n,,,,,,,
assiduous,Hardworking and diligent,adj.,uh-SIJ-oo-uhs,Adopted from Latin,English,trait,https://www.dictionary.com/browse/assiduous,,,,n,,,,,,,
ataraxia,A state of serene calmness.,n.,at-uh-RAK-see-uh,,Greek,"philosophical,obscure",https://www.britannica.com/topic/ataraxia,,,,n,,,,,,,
atelophobia,Fear of failure; fear of not being good enough,n.,uh-tel-uh-FOH-bee-uh,Formed from Greek roots,English,"psychology,existential,phobia,emotion",https://www.fearof.net/?s=atelophobia,,,,y,,,,,,,
athazagoraphobia,"The fear of forgetting, being forgotten or ignored, or being replaced",n.,ath-uh-zag-or-uh-FOH-bee-uh,Formed from Greek roots,English,"psychology,existential,phobia,emotion",https://www.fearof.net/?s=athazagoraphobia,,,,y,,,,,,,
augury,A sign or omen of something to come,n.,AW-gyuh-ree,Adopted from Latin,English,"philosophical,existential",https://www.dictionary.com/browse/augury,,,,n,,,,,,,
auspicate,To predict or foretell,v.,AW-spih-kayt,Adopted from Latin,English,obsolete,https://www.oed.com/dictionary/auspicate_v?tl=true,,,,n,,,,,,,
autodidact,A self-taught person,n.,aw-toh-DY-dakt,Formed from Greek roots,English,"academia,trait",https://www.dictionary.com/browse/autodidact,,,,y,,,,,,,
balderdash,"Senseless, stupid, or exaggerated talk or writing; nonsense.",n.,bawl-der-dash,Origin uncertain; English slang,English,"humorous,archaic,obsolete",https://www.dictionary.com/browse/balderdash,,,,n,,,,,,,
balter,To dance or tread clumsily.,v.,BAL-ter,Origin uncertain; English dialect,English,"humorous,obscure",https://www.dictionary.com/browse/balter,,,,y,,,,,,,
bamboozle,To confuse or deceive,v.,bam-BOO-zuhl,Origin uncertain; English slang,English,"humorous,slang",https://en.wiktionary.org/wiki/bamboozle,https://api.datamuse.com/words?sp=bamboozle&md=dp&max=1,,,y,,,,,,,
banal,So lacking in originality as to be obvious and boring.,adj.,buh-NAL,Adopted from French,English,trait,https://www.merriam-webster.com/dictionary/banal,,,,n,,,,,,,
befuddle,"To confuse, muddle, or perplex",adj.,bih-FUD-ling,Native English / Old English,English,"psychology,humorous",https://www.thefreedictionary.com/befuddling,,,,n,,,,,,,
behoof,Benefit; advantage,n.,bih-HOOF,Native English / Old English,English,archaic,https://www.dictionary.com/browse/behoof,,,,y,,,,,,,
bemuse,Confuse; puzzle,v.,bih-MYOOZ,Formed in English from muse,English,psychology,https://www.dictionary.com/browse/bemuse,,,,n,,,,,,,
beshrew,Invoke evil upon; curse; blame for a misfortune.,v.,bih-shroo,Native English / Old English,English,archaic,https://www.dictionary.com/browse/beshrew,,,,n,,,,,,,
besmirch,Damage the reputation of (someone or something) in the opinion of others:,v.,bih-smurch,Native English / Old English,English,"archaic,trait",https://www.dictionary.com/browse/besmirch,,,,n,,,,,,,
betwixt,Between,prep.,bih-twikst,Native English / Old English,English,archaic,https://www.dictionary.com/browse/betwixt,,,,y,,,,,,,
bibliophile,A lover of books.,n.,BIB-lee-oh-file,Formed from Greek roots,English,"academia,psychology",https://www.google.com/search?sca_esv=7f3b3e58f08bcb9f&sxsrf=AE3TifM4CMockFqgzCPIqrACXak3FaAsZQ%3A1748247874161&q=Bibliophile&sa=X&ved=2ahUKEwiX75Ls2sCNAxW3D9AFHRXmDLoQxccNegUIsgEQAQ&mstk=AUtExfC917OD-P9fTwhNzwNIrOVLqm1NqGBihWYCLCG2pmHFyv9F5mmd7hUWMQHpKWwp3x_5lopl_TiIlahQUR_X-AKhOxcjvy5efgCoKW0GYkhDXBgbyQEDtLKqslS4ygwfmverqxt4JDEMyaUUQ3jBH5edBOZcHtiqsPGWKltpP8trNuk&csui=3,,,,n,,,,,,,
bide,Wait; remain; to endure; bear.,v.,bahyd,Native English / Old English,English,"archaic,obsolete",https://www.dictionary.com/browse/bide,,,,y,,,,,,,
billet-doux,A love letter.,n.,bee-yay-DOO,,French,romantic,https://www.dictionary.com/browse/billet-doux,,,,n,,,,,,,
blatherskite,Someone who talks nonsense,n.,BLATH-er-skyte,Adopted from Scots/English dialect,English,"humorous,slang",https://en.wiktionary.org/wiki/blatherskite,,,,n,,,,,,,
brouhaha,Noisy excitement or uproar,n.,BROO-hah-hah,,French,humorous,https://www.dictionary.com/browse/brouhaha,,,,n,,,,,,,
cacoethes,An urge to do something inadvisable; an insatiable desire,n.,kak-oh-EE-theez,Adopted from Greek,English,"psychology,obscure",https://www.collinsdictionary.com/us/dictionary/english/cacoethes,,,,n,,,,,,,
caitiff,A cowardly despicable person,n.,KAY-tif,Adopted from Old French,English,"archaic,trait",https://www.thefreedictionary.com/caitiff,,,,n,,,,,,,
callipygian,Having well-shaped buttocks,adj.,kal-uh-PIJ-ee-uhn,Formed from Greek roots,English,humorous,https://www.dictionary.com/browse/callipygian,https://en.wikipedia.org/wiki/Venus_Callipyge,,,y,,,,,,,
callow,Inexperienced and immature.,adj.,KAL-oh,Native English / Old English,English,trait,https://www.merriam-webster.com/dictionary/callow,,,,n,,,,,,,
canoodle,Cuddle and kiss amorously,v.,kuh-NOO-dul,Origin uncertain; English slang,English,"romantic,humorous",,,,,n,,,,,,,
castigate,To inflict severe punishment for wrong doing,v.,KAS-tih-gayt,Adopted from Latin,English,trait,https://www.dictionary.com/browse/castigate,,,,n,,,,,,,
catharsis,"Psychotherapy that encourages or permits the discharge of pent-up, socially unacceptable affects.",n.,kuh-THAR-sis,Adopted from Greek,English,psychology,https://www.dictionary.com/browse/catharsis,,,,n,,,,,,,
cattywampus,Crooked or out of alignment. also spelled catawampus or kattywampus.,adj.,kat-ee-WAHM-puhs,Origin uncertain; American English,English,"humorous,obsolete,slang",https://uselessetymology.com/2017/12/02/the-etymology-of-cattywampus/,,,,n,,,,,,,
chagrin,Embarrassment mixed with disappointment,n.,shuh-GRIN,,French,emotion,https://www.dictionary.com/browse/chagrin,,,,n,,,,,,,
cherophobia,Fear of happiness.,n.,kair-uh-FOH-bee-uh,Formed from Greek roots,English,"psychology,phobia",https://www.fearof.net/?s=cherophobia,,,,y,,,,,,,
choleric,Easily angered,adj.,KOL-er-ik,Adopted from Greek via Latin,English,"psychology,emotion,trait",https://www.dictionary.com/browse/choleric,https://fourtemperaments.com/the-choleric-temperament/,,,n,,,,,,,
chronophobia,Fear of time and time moving forward,n.,kron-uh-FOH-bee-uh,Formed from Greek roots,English,"psychology,phobia",https://www.fearof.net/?s=chronophobia,,,,n,,,,,,,
circumspect,Cautious and careful,adj.,SER-kuhm-spekt,Adopted from Latin,English,trait,,,,,n,,,,,,,
claptrap,Nonsense; insincere talk,n.,KLAP-trap,Formed in English,English,humorous,,,,,n,,,,,,,
clement,Showing kindness and mercy.,adj.,KLEM-uhnt,Adopted from Latin,English,trait,https://www.dictionary.com/browse/clement,,,,n,,,,,,,
cockalorum,A self-important man.,n.,kok-uh-LOR-um,Origin uncertain; English dialect,English,"humorous,obsolete",https://www.thefreedictionary.com/cockalorum,,,,n,,,,,,,
codger,A quirky old person,n.,KOJ-er,Origin uncertain; English dialect,English,"humorous,slang",,,,,n,,,,,,,
codswallop,Complete nonsense,n.,kodz-WOL-uhp,Origin uncertain; English slang,English,"humorous,slang",https://en.wiktionary.org/wiki/codswallop,https://api.datamuse.com/words?sp=codswallop&md=dp&max=1,,,n,,,,,,,
collywobbles,A feeling of nervousness or queasiness; “butterflies in the stomach.”,n.,KOL-ee-wob-uhlz,Origin uncertain; English slang,English,humorous,https://www.dictionary.com/browse/collywobbles,,,,y,,,,,,,
comeuppance,Just punishment; deserved rebuke,n.,kum-UP-uhns,Formed in American English,English,humorous,COMEUPPANCE Definition & Meaning | Dictionary.com,,,,y,,,,,,,
copacetic,Fine; completely satisfactory; OK.,adj.,koh-puh-SET-ik,Origin uncertain; American English slang,English,slang,https://www.dictionary.com/browse/copacetic,,,,y,,,,,,,
coprolalia,The involuntary use of obscene language,n.,kop-ruh-LAY-lee-uh,Formed from Greek roots,English,psychology,,,,,n,,,,,,,
cordiform,Heart shaped,adj.,KOR-duh-form,Formed from Latin roots,English,"romantic,poetic",,,,,y,,,,,,,
cordolium,"Heartache, heartfelt sorrow",n.,kor-DOH-lee-uhm,,Latin,"poetic,existential,emotion",https://www.wordsense.eu/cordolium/,,,,n,,,,,,,
coulrophobia,Fear of clowns,n.,kool-ruh-FOH-bee-uh,Formed from Greek roots,English,"psychology,phobia",https://www.fearof.net/?s=coulrophobia,,,,n,,,,,,,
couth,Cultured or refined,adj.,KOOTH,Native English / Old English,English,trait,,,,,y,,,,,,,
currish,Mean-spirited or dog-like in behavior,adj.,KUR-ish,Native English / Old English,English,"archaic,trait",,,,,n,,,,,,,
dapper,Neat and stylish,adj.,DAP-er,Adopted from Middle Dutch,English,trait,,,,,y,,,,,,,
dastard,A coward,n.,DAS-terd,Adopted from Old Norse,English,"archaic,trait",,,,,n,,,,,,,
decathect,"To withdraw one's feelings of attachment from (a person, idea, or object), as in anticipation of a future loss.",v.,dee-kuh-THEKT,Formed in English from Greek/Latin roots,English,"psychology,existential",https://www.dictionary.com/browse/decathect,,,,n,,,,,,,
defenestrate,To throw someone out of a window,v.,dee-FEN-uh-strayt,Adopted from Latin,English,"humorous,obscure",,,,,n,,,,,,,
deleterious,Causing harm or damage.,adj.,del-ih-TEER-ee-uhs,Adopted from Greek via Latin,English,trait,https://www.merriam-webster.com/dictionary/deleterious,,,,n,,,,,,,
demesne,A person’s land or property,n.,dih-MAYN,Adopted from Old French,English,"archaic,obsolete",,,,,n,,,,,,,
denigrate,To belittle or criticize unfairly,v.,DEN-ih-grayt,Adopted from Latin,English,trait,,,,,n,,,,,,,
desuetude,Disuse; state of no longer used,n.,DES-wih-tood,Adopted from Latin,English,"obscure,obsolete",,,,,n,,,,,,,
desultory,Lacking a plan or purpose,adj.,DES-ul-tor-ee,Adopted from Latin,English,trait,,,,,n,,,,,,,
diaphanous,"Light, sheer, and delicate",adj.,dy-AF-uh-nuhs,Adopted from Greek,English,poetic,https://en.wiktionary.org/wiki/diaphanous,https://api.datamuse.com/words?sp=diaphanous&md=dp&max=1,,,n,,,,,,,
didactic,Intended to teach or instruct,adj.,dy-DAK-tik,Adopted from Greek,English,academia,,,,,n,,,,,,,
didaskaleinophobia,Fear of going to school,n.,dy-das-kuh-lay-nee-oh-FOH-bee-uh,Formed from Greek roots,English,"academia,psychology,phobia",https://www.fearof.net/?s=didaskaleinophobia,,,,n,,,,,,,
didymous,Twin or paired,adj.,DID-uh-muhs,Adopted from Greek,English,obscure,,,,,n,,,,,,,
diffidation,Distrust or doubt,n.,dif-ih-DAY-shun,Adopted from Latin,English,"archaic,emotion",,,,,n,,,,,,,
diffident,Shy due to lack of confidence,adj.,DIF-ih-duhnt,Adopted from Latin,English,"emotion,trait",,,,,y,,,,,,,
dillydally,To waste time,v.,DIL-ee-dal-ee,Formed in English reduplication,English,"humorous,slang",,,,,n,,,,,,,
discombobulate,To confuse or disconcert,v.,dis-kuhm-BOB-yuh-layt,Formed in American English slang,English,"humorous,slang",,,,,y,,,,,,,
discomfit,To defeat or frustrate,v.,dis-KUM-fit,Adopted from Old French,English,emotion,,,,,n,,,,,,,
discordant,Lacking harmony or agreement,adj.,dis-KOR-dunt,Adopted from Latin,English,trait,,,,,n,,,,,,,
disgruntle,To make someone dissatisfied or unhappy,v.,dis-GRUN-tul,Formed in English,English,emotion,,,,,n,,,,,,,
disinter,To dig up or exhume a buried body,v.,dis-in-TUR,Adopted from Latin,English,obscure,,,,,n,,,,,,,
dislimn,To erase or obscure a painting or image,v.,dis-LIM,Adopted from Latin,English,"poetic,obscure",,,,,n,,,,,,,
disport,To amuse or entertain oneself in a lively way,v.,dis-PORT,Adopted from Old French,English,"humorous,archaic",,,,,n,,,,,,,
dissemble,Conceal motives; act deceitfully,v.,dih-SEM-bul,Adopted from Old French / Latin,English,trait,,,,,n,,,,,,,
dissertate,To give a formal or lengthy lecture or discourse,v.,dih-SUR-tayt,Adopted from Latin,English,academia,,,,,n,,,,,,,
dithyramb,Wildly enthusiastic speech or writing,n.,DITH-uh-ram,Adopted from Greek,English,"poetic,emotion",,,,,n,,,,,,,
divagate,To stray or wander off the subject,v.,DYE-vuh-gayt,Adopted from Latin,English,"obscure,trait",,,,,n,,,,,,,
dizen,To dress up or adorn in a showy or cheap way,v.,DYE-zuhn,Adopted from Old French,English,"humorous,archaic",,,,,n,,,,,,,
donnybrook,A loud argument or fight,n.,DON-ee-brook,Adopted from Irish place name,English,"humorous,slang",https://en.wiktionary.org/wiki/donnybrook,https://api.datamuse.com/words?sp=donnybrook&md=dp&max=1,,,y,,,,,,,
dragoon,To coerce or force someone to do something,v.,druh-GOON,Adopted from French,English,obscure,,,,,n,,,,,,,
dudgeon,Resentful anger,n.,DUJ-un,Origin uncertain; English,English,"archaic,emotion",,,,,n,,,,,,,
eccedentesiast,Someone who only pretends to smile; a humorless or habitually serious person. Derived from the Greek word ekklesiast (Ecclesiastes in the Bible),n.,ek-suh-den-TEE-zee-ast,Modern coinage from Greek roots,English,"psychology,neologism,existential,obscure",https://www.thedictionaryofobscuresorrows.com/word/eccedentesiast,,,,y,,,,,,,
eftsoons,Soon afterward,adv.,EFT-soonz,Native English / Old English,English,"archaic,obsolete",,,,,n,,,,,,,No Free Dictionary API match. No exact Datamuse match.
egregious,Outstandingly bad; shocking,adj.,ih-GREE-jus,Adopted from Latin,English,trait,,,,,n,,,,,,,Definition found via Free Dictionary API; verify against listed source URL. Datamuse supplied a secondary definition signal.
eke,Increase; add to,v.,EEK,Native English / Old English,English,archaic,,,,,n,,,,,,,Definition found via Free Dictionary API; verify against listed source URL. Datamuse supplied a secondary definition signal.
elation,Great happiness,n.,ee-LAY-shuhn,Adopted from Latin,English,emotion,,,,,n,,,,,,,Definition found via Free Dictionary API; verify against listed source URL. Datamuse supplied a secondary definition signal.
eldritch,Weird and eerie,adj.,EL-drich,Adopted from Scots/English,English,"poetic,obscure",,,,,n,,,,,,,No Free Dictionary API match. Datamuse supplied a secondary definition signal.
eleutheromania,An intense and irresistible desire for freedom,n.,ee-leth-uh-roh-MAY-nee-uh,Formed from Greek roots,English,"psychology,emotion",https://en.wiktionary.org/wiki/eleutheromania,,,,n,,,,,,,Definition found via Free Dictionary API; verify against listed source URL. Datamuse supplied a secondary definition signal.
elide,To omit or leave out a sound or syllable in speech or writing,v.,ih-LYDE,Adopted from Latin,English,academia,,,,,n,,,,,,,Definition found via Free Dictionary API; verify against listed source URL. Datamuse supplied a secondary definition signal.
elysian,Relating to or characteristic of heaven or paradise.,adj.,ih-LEE-zhee-uhn,Adopted from Greek/Latin,English,"philosophical,poetic",https://www.merriam-webster.com/dictionary/elysian,,,,n,,,,,,,No Free Dictionary API match. No exact Datamuse match.
emetophobia,Fear of vomiting.,n.,em-ET-oh-FOH-bee-uh,Formed from Greek roots,English,"psychology,phobia",https://www.fearof.net/?s=emetophobia,,,,n,,,,,,,Definition found via Free Dictionary API; verify against listed source URL. Datamuse supplied a secondary definition signal.
encomium,High praise or tribute,n.,en-KOH-mee-um,Adopted from Greek,English,"academia,poetic",,,,,n,,,,,,,Definition found via Free Dictionary API; verify against listed source URL. Datamuse supplied a secondary definition signal.
endue,To provide or endow with a quality or characteristic,v.,en-DOO,Adopted from Latin,English,archaic,,,,,n,,,,,,,Definition found via Free Dictionary API; verify against listed source URL. Datamuse supplied a secondary definition signal.
enervate,To deprive of force or strength; destroy the vigor of; weaken,v.,EN-er-vayt,Adopted from Latin,English,obscure,https://www.dictionary.com/browse/enervate,,,,n,,,,,,,Definition found via Free Dictionary API; verify against listed source URL. Datamuse supplied a secondary definition signal.
ennui,Weariness from lack of meaning,n.,ahn-WEE,,French,"existential,emotion",,,,,n,,,,,,,Definition found via Free Dictionary API; verify against listed source URL. Datamuse supplied a secondary definition signal.
ensconce,To settle comfortably or securely in a place,v.,en-SKONS,Adopted from French,English,poetic,,,,,n,,,,,,,Definition found via Free Dictionary API; verify against listed source URL. Datamuse supplied a secondary definition signal.
entelechy,A realization or actuality as opposed to a potentiality,n.,en-TEL-uh-kee,Adopted from Greek,English,"philosophical,obscure",https://www.dictionary.com/browse/entelechy,,,,n,,,,,,,Definition found via Free Dictionary API; verify against listed source URL. Datamuse supplied a secondary definition signal.
enthral,To hold spellbound; enchant; captivate.,v.,en-THRAWL,Native English / Old English,English,"romantic,poetic",https://www.dictionary.com/browse/enthral,,,,n,,,,,,,Definition found via Free Dictionary API; verify against listed source URL. Datamuse supplied a secondary definition signal.
entreat,To plead or beg for something,v.,en-TREET,Adopted from Old French / Latin,English,"poetic,emotion",,,,,n,,,,,,,Definition found via Free Dictionary API; verify against listed source URL. Datamuse supplied a secondary definition signal.
ephemeral,Lasting a very short time,n.,ih-FEM-er-uhl,Adopted from Greek,English,"poetic,existential",https://en.wiktionary.org/wiki/ephemeral,https://api.datamuse.com/words?sp=ephemeral&md=dp&max=1,,,n,,,,,,,Definition found via Free Dictionary API; verify against listed source URL. Datamuse supplied a secondary definition signal.
equipoise,Balance or equilibrium,n.,EK-wuh-poyz,Adopted from Latin,English,"philosophical,poetic",,,,,n,,,,,,,Definition found via Free Dictionary API; verify against listed source URL. Datamuse supplied a secondary definition signal.
eremition,"The act of gradually fading from the lives of others, not out of malice but from a desire for solitude or renewal.",n.,eh-ruh-MISH-uhn,Modern English coinage,English,"neologism,obscure",https://rogermckeever.substack.com/p/eremition-the-art-of-disappearing,,,,n,,,,,,,Definition found via Free Dictionary API; verify against listed source URL. Datamuse supplied a secondary definition signal.
erewhile,Formerly or previously,adv.,AIR-hwile,Native English / Old English,English,"archaic,poetic",,,,,n,,,,,,,Definition found via Free Dictionary API; verify against listed source URL. Datamuse supplied a secondary definition signal.
ersatz,Inferior or artificial,adj.,AIR-zahts,,German,trait,,,,,n,,,,,,,
erstwhile,Former; previous,adj.,URST-hwile,Native English / Old English,English,archaic,,,,,n,,,,,,,
erudite,Deeply learned or scholarly,adj.,AIR-yoo-dyte,Adopted from Latin,English,"academia,trait",,,,,n,,,,,,,
eschatology,The study of the end of the world or the afterlife,n.,es-kuh-TAH-luh-jee,Formed from Greek roots,English,"academia,philosophical,existential",,,,,n,,,,,,,
esoteric,Understood by a small group,adj.,es-uh-TAIR-ik,Adopted from Greek,English,obscure,,,,,y,,,,,,,
ethereal,"Light, delicate, and otherworldly",adj.,ih-THEER-ee-uhl,Adopted from Latin/Greek,English,poetic,https://en.wiktionary.org/wiki/ethereal,https://api.datamuse.com/words?sp=ethereal&md=dp&max=1,,,n,,,,,,,
eunoia,Beautiful thinking; well mind,n.,yoo-NOY-uh,Adopted from Greek,English,"philosophical,obscure",https://philosophy.stackexchange.com/questions/54965/what-is-the-meaning-of-the-term-e%C3%BAnoia,,,,n,,,,,,,
euphobia,Fear of good news,n.,yoo-FOH-bee-uh,Formed from Greek roots,English,"psychology,phobia",https://www.fearof.net/?s=euphobia,,,,n,,,,,,,
evanescent,Fading like mist,adj.,ev-uh-NES-uhnt,Adopted from Latin,English,poetic,https://en.wiktionary.org/wiki/evanescent,https://api.datamuse.com/words?sp=evanescent&md=dp&max=1,,,n,,,,,,,
evince,To show or demonstrate clearly or convincingly,v.,ih-VINS,Adopted from Latin,English,academia,,,,,n,,,,,,,
excoriate,To criticize or rebuke harshly or severely,v.,ek-SKOR-ee-ayt,Adopted from Latin,English,"emotion,trait",,,,,n,,,,,,,
exiguous,Scanty or meager in amount,adj.,ig-ZIG-yoo-uhs,Adopted from Latin,English,obscure,,,,,n,,,,,,,
expatiate,To speak or write at length on a subject,v.,ek-SPAY-shee-ayt,Adopted from Latin,English,academia,,,,,n,,,,,,,
exscind,To cut off or remove completely,v.,ek-SIND,Adopted from Latin,English,"obscure,obsolete",,,,,n,,,,,,,
extemporize,To improvise or speak without preparation,v.,ek-STEM-puh-ryze,Adopted from Latin,English,"academia,trait",,,,,n,,,,,,,
extramundane,Existing outside or beyond the physical world,adj.,ek-struh-mun-DAYN,Formed from Latin roots,English,"philosophical,poetic,existential",,,,,n,,,,,,,
extremophile,An organism that thrives in extreme environmental conditions.,n.,ik-STREE-muh-file,Formed from Latin/Greek roots,English,"academia,obscure",https://www.merriam-webster.com/dictionary/extremophile,,,,n,,,,,,,
exulansis,The tendency to stop talking about an experience because others cannot relate to it.,n.,ek-suh-LAN-sis,Modern coinage from Latin roots,English,"existential,obscure",https://www.thedictionaryofobscuresorrows.com/word/exulansis,,,,n,,,,,,,
exultant,Triumphantly happy,adj.,ig-ZUHL-tuhnt,Adopted from Latin,English,emotion,,,,,n,,,,,,,
factitious,Artificially created or produced,adj.,fak-TISH-us,Adopted from Latin,English,academia,,,,,n,,,,,,,
fain,Pleased or willing to do something,adj.,FAYN,Native English / Old English,English,"archaic,emotion",,,,,n,,,,,,,
fandango,An elaborate or foolish action,n.,fan-DANG-goh,Adopted from Spanish,English,"humorous,slang",https://en.wiktionary.org/wiki/fandango,https://api.datamuse.com/words?sp=fandango&md=dp&max=1,,,n,,,,,,,
farrago,A confused mixture, In confused disorder,fuh-RAH-goh,,Latin,"humorous,obscure",,,,,n,,,,,,,
fastidious,"Excessively particular, demanding, or fussy about details.",adj.,fa-STID-ee-uhs,Adopted from Latin,English,trait,,,,,n,,,,,,,
fastuous,Boastful or pretentious,adj.,FAS-choo-us,Adopted from Latin,English,"obsolete,trait",,,,,n,,,,,,,
fatidic,Prophetic or predicting the future,adj.,fuh-TID-ik,Adopted from Latin,English,"philosophical,poetic",,,,,n,,,,,,,
fatuous,Silly; smugly foolish,adj.,FACH-oo-us,Adopted from Latin,English,trait,,,,,n,,,,,,,
fealty,Loyalty or allegiance to a lord or king,n.,FEE-ul-tee,Adopted from Old French,English,archaic,,,,,n,,,,,,,
feckless,Lacking initiative; ineffective,adj.,FEK-lis,Adopted from Scots/English,English,trait,,,,,n,,,,,,,
fiddle-faddle,Trivial matters,n.,FID-l-FAD-l,Formed in English reduplication,English,"humorous,slang",,,,,n,,,,,,,
fidge,Fidget; be restless,v.,FIJ,Origin uncertain; English dialect,English,"humorous,slang",,,,,y,,,,,,,
filipendulous,Hanging by a thread,adj.,fil-ih-PEN-juh-luhs,Formed from Latin roots,English,existential,https://www.merriam-webster.com/dictionary/filipendulous,,,,y,,,,,,,
flapdoodle,Nonsense,n.,FLAP-doo-dul,Origin uncertain; English slang,English,"humorous,slang",,,,,n,,,,,,,
flibbertigibbet,A foolish or overly talkative person,n.,flib-er-tee-JIB-it,Origin uncertain; English,English,"humorous,trait",https://en.wiktionary.org/wiki/flibbertigibbet,https://api.datamuse.com/words?sp=flibbertigibbet&md=dp&max=1,,,n,,,,,,,
flumadiddle,Utter nonsense.,n.,fluhm-uh-DID-l,Origin uncertain; American English slang,English,humorous,https://www.merriam-webster.com/dictionary/flummadiddle,,,,n,,,,,,,
flummox,To confuse completely,v.,FLUM-uhks,Origin uncertain; English dialect,English,"humorous,slang",https://en.wiktionary.org/wiki/flummox,https://api.datamuse.com/words?sp=flummox&md=dp&max=1,,,n,,,,,,,
forlorn,Abandoned or lonely,adj.,for-LORN,Native English / Old English,English,"poetic,emotion",,,,,n,,,,,,,
forsooth,Indeed; in truth,adv.,for-SOOTH,Native English / Old English,English,"humorous,archaic",,,,,y,,,,,,,
friable,Easily broken into pieces or reduced to nothing,adj.,FRY-uh-buhl,Adopted from Latin,English,poetic,https://www.merriam-webster.com/dictionary/friable,,,,y,,,,,,,
froward,Stubbornly contrary; difficult,adj.,FROH-werd,Native English / Old English,English,"archaic,trait",,,,,n,,,,,,,
fulsome,Excessive; overdone,adj.,FUUL-sum,Native English / Old English,English,trait,,,,,n,,,,,,,
gadzooks,An exclamation of surprise,interj.,gad-ZOOKS,English minced oath,English,"humorous,archaic,slang",,,,,y,,,,,,,
galeophobia,Fear of sharks,n.,gay-lee-uh-FOH-bee-uh,Formed from Greek roots,English,"psychology,phobia",https://www.fearof.net/?s=galeophobia,,,,n,,,,,,,
gallimaufry,A jumbled mixture,n.,gal-uh-MAW-free,Adopted from French,English,"humorous,obscure",,,,,n,,,,,,,
gambol,Skip about playfully,v.,GAM-bul,Adopted from Old French,English,"humorous,poetic",,,,,n,,,,,,,
gamophobia,Fear of marriage,n.,gam-uh-FOH-bee-uh,Formed from Greek roots,English,"psychology,phobia",https://www.fearof.net/?s=gamophobia,,,,n,,,,,,,
gaucherie,Awkward or unsophisticated ways.,n.,goh-shuh-REE,,French,trait,https://www.merriam-webster.com/dictionary/gaucherie,,,,y,,,,,,,
gerascophobia,Fear of growing old or aging,n.,jer-as-kuh-FOH-bee-uh,Formed from Greek roots,English,"psychology,phobia",https://www.fearof.net/?s=gerascophobia,,,,y,,,,,,,
gobbledygook,Overly complex or meaningless language,n.,GOB-ul-dee-gook,Formed in American English,English,"humorous,slang",,,,,n,,,,,,,
gormless,Dull; lacking sense,shaped buttocks,GORM-lis,Adopted from Scots/Irish English,English,"slang,trait",,,,,n,,,,,,,
grandiose,Affectedly grand or important; pompous; more complicated or elaborate than necessary;,adj.,gran-dee-OHS,Adopted from Italian/French,English,trait,https://www.dictionary.com/browse/grandiose,,,,y,,,,,,,
habromania,A form of delusional happiness; a state of unreal or imagined elation.,n.,hab-roh-MAY-nee-uh,Formed from Greek roots,English,psychology,https://www.merriam-webster.com/dictionary/habromania,,,,y,,,,,,,
halcyon,"Calm, peaceful, and happy",n.,HAL-see-uhn,Adopted from Greek,English,"poetic,emotion",https://en.wiktionary.org/wiki/halcyon,https://api.datamuse.com/words?sp=halcyon&md=dp&max=1,,,n,,,,,,,
hapless,Unfortunate or unlucky,adj.,HAP-lis,Native English / Old English,English,"emotion,trait",https://en.wiktionary.org/wiki/hapless,https://api.datamuse.com/words?sp=hapless&md=dp&max=1,,,n,,,,,,,
heterophemize,To say something different from what you meant to say,v.,het-er-uh-FEEM-yze,Formed from Greek roots,English,obscure,https://www.google.com/url?sa=t&source=web&rct=j&opi=89978449&url=https://www.goodreads.com/quotes/7673265-heterophemize-v-to-say-something-different-from-what-you-mean&ved=2ahUKEwi6lcDotruNAxUp4skDHT8zBFsQFnoECDAQAQ&usg=AOvVaw3tyNn6icvmWEXINl8uhVtN,,,,n,,,,,,,
hippopotomonstrosesquippedaliophobia,Fear of long words.,n.,hi-poh-puh-toh-mon-stroh-ses-kwip-ped-uh-lee-uh-FOH-bee-uh,Formed from Greek/Latin roots,English,"psychology,humorous,phobia",https://www.fearof.net/?s=hippopotomonstrosesquippedaliophobia,,,,y,,,,,,,
hogwash,Nonsense,n.,HOG-wosh,Native English / Old English,English,"humorous,slang",,,,,y,,,,,,,
hoodwink,To trick or mislead,v.,HOOD-wink,Native English / Old English,English,"humorous,slang",https://en.wiktionary.org/wiki/hoodwink,https://api.datamuse.com/words?sp=hoodwink&md=dp&max=1,,,y,,,,,,,
hornswoggle,To cheat or deceive,v.,HORN-swah-gul,Origin uncertain; American English slang,English,"humorous,slang",,,,,n,,,,,,,
horripilation,Goosebumps; hair standing up,n.,hor-rip-ih-LAY-shun,Adopted from Latin,English,"psychology,obscure",,,,,n,,,,,,,
hubris,Excessive pride or self-confidence.,n.,HYOO-bris,Adopted from Greek,English,psychology,https://www.merriam-webster.com/dictionary/hubris,,,,n,,,,,,,
hullabaloo,Loud commotion; uproar,n.,HUL-uh-buh-loo,Origin uncertain; English slang,English,"humorous,slang",,,,,n,,,,,,,
idiosyncratic,"Pertaining to the nature of idiosyncrasy, or something peculiar to an individual.",adj.,id-ee-oh-sin-KRAT-ik,Adopted from Greek,English,"obscure,trait",https://www.dictionary.com/browse/idiosyncratic,,,,y,,,,,,,
imbroglio,A complicated  messy situation,n.,im-BROHL-yoh,,Italian,obscure,,,,,n,,,,,,,
impetuous,Acting or done quickly without thought or care,adj.,im-PET-choo-uhs,Adopted from Latin,English,trait,https://www.dictionary.com/browse/impetuous,,,,n,,,,,,,
impugn,Challenge as false; attack,v.,im-PYOON,Adopted from Latin,English,academia,,,,,n,,,,,,,
indelible,"Impossible to eliminate, forget, or change",adj.,in-DEL-uh-buhl,Adopted from Latin,English,poetic,https://www.dictionary.com/browse/indelible,,,,n,,,,,,,
indolent,Wanting to avoid activity or exertion; lazy.,adj.,IN-duh-luhnt,Adopted from Latin,English,trait,https://www.merriam-webster.com/dictionary/indolent,,,,n,,,,,,,
ineffable,Utterly indescribable; too sacred to speak of,adj.,in-EF-uh-buhl,Adopted from Latin,English,poetic,https://www.dictionary.com/browse/ineffable,,,,y,,,,,,,
ineluctable,Unavoidable; inescapable,adj.,in-ih-LUK-tuh-bul,Adopted from Latin,English,"philosophical,existential",,,,,n,,,,,,,
insipid,"Dull, boring",adj.,in-SIP-id,Adopted from Latin,English,trait,https://www.dictionary.com/browse/insipid,,,,y,,,,,,,
insouciant,Showing a casual lack of concern; indifferent.,adj.,in-SOO-see-uhnt,,French,trait,https://www.dictionary.com/browse/insouciant,,,,n,,,,,,,
inure,"To become immune to something (someone), especially something unpleasant",v.,in-YOOR,Adopted from Latin,English,emotion,https://www.dictionary.com/browse/inure,,,,n,,,,,,,
inveterate,"Settled or confirmed in a habit, practice, feeling, or the like; firmly established by long continuance, as a disease, habit, practice, feeling, etc.; chronic.",adj.,in-VET-er-it,Adopted from Latin,English,trait,https://www.dictionary.com/browse/inveterate,,,,n,,,,,,,
ipseity,Individual identity; selfhood.,n.,ip-SEE-ih-tee,Adopted from Latin,English,"philosophical,obscure",https://www.dictionary.com/browse/ipseity,,,,n,,,,,,,
isolophilia,"Strong affection for solitude, being alone",n.,eye-soh-loh-FIL-ee-uh,Formed from Greek roots,English,psychology,https://en.wiktionary.org/wiki/isolophilia,,,,n,,,,,,,
jactitation,Restless tossing; boastful talk, Unlucky; ill,fated,Adopted from Latin,English,"psychology,obscure,trait",,,,,n,,,,,,,
jawbreaker,A word that is very long or hard to pronounce.,n.,JAW-bray-ker,Formed in English,English,humorous,https://www.dictionary.com/browse/jawbreaker,,,,n,,,,,,,
je m'en fous,I do not care.,phr.,zhuh mahn FOO,,French,slang,https://en.wiktionary.org/wiki/je_m%27en_fous,,,,y,,,,,,,
jocund,Cheerful; lighthearted,adj.,JAH-kund,Adopted from Latin,English,"emotion,trait",,,,,n,,,,,,,
jollification,Noisy celebration,n.,jol-ih-fih-KAY-shun,Formed in English,English,"humorous,emotion",,,,,n,,,,,,,
jouissance,Great pleasure; delight,n.,zhwee-SAHNSS,,French,"romantic,emotion",,,,,n,,,,,,,
jouska,A hypothetical conversation that you compulsively play out in your head. A made-up word from the Dictionary of Obscure Sorrows,n.,ZHOOS-kuh,Modern coined word,English,"existential,obscure",https://www.thedictionaryofobscuresorrows.com/word/jouska,,,,n,,,,,,,
juxtapose,"To place side by side, especially for contrast or comparison.",v.,JUK-stuh-pohz,Adopted from Latin,English,academia,https://en.wiktionary.org/wiki/juxtapose,https://api.datamuse.com/words?sp=juxtapose&md=dp&max=1,,,n,,,,,,,
kalopsia,The delusion that things are more beautiful than they really are.,n.,kuh-LOP-see-uh,Modern coinage from Greek roots,English,"psychology,obscure",https://www.merriam-webster.com/dictionary/kalopsia,,,,n,,,,,,,
kerfuffle,A fuss or disorderly situation,n.,ker-FUF-ul,Adopted from Scots/English,English,"humorous,slang",,,,,n,,,,,,,
kilig,The rush or the inexplicable joy one feels after seeing or experiencing something romantic. Filipino term.,n.,KEE-lig,,Tagalog,romantic,https://en.wiktionary.org/wiki/kilig,,,,n,,,,,,,
knavery,Dishonesty; roguish behavior,n.,NAY-vuh-ree,Native English / Old English,English,"archaic,trait",,,,,n,,,,,,,
labyrinth,An intricate combination of paths or passages in which it is difficult to find one's way or to reach the exit; a maze,n.,LAB-uh-rinth,Adopted from Greek,English,"philosophical,poetic",https://www.dictionary.com/browse/labyrinth,,,,y,,,,,,,
lachesism,"The desire to be struck by disaster-to survive a plane crash, or to lose everything in a fire. A made-up word from the Dictionary of Obscure Sorrows",n.,LAK-uh-siz-uhm,Modern coined word,English,"psychology,obscure",https://www.thedictionaryofobscuresorrows.com/concept/lachesism,,,,n,,,,,,,
lachrymose,Prone to tears,adj.,LAK-rih-mohs,Adopted from Latin,English,"emotion,trait",,,,,n,,,,,,,
lackadaisical,Lacking enthusiasm; listless,adj.,lak-uh-DAY-zih-kul,Formed in English from alack,English,trait,,,,,y,,,,,,,
laconic,Saying much in few words,adj.,luh-KON-ik,Adopted from Greek,English,trait,https://www.merriam-webster.com/dictionary/laconic,,,,n,,,,,,,
lagniappe,A small bonus gift,n.,LAN-yap,,French,obscure,,,,,n,,,,,,,
latitudinarian,"Tolerance of other views, particularly, but not necessarily, on religious matters",n.,lat-ih-too-din-AIR-ee-uhn,Adopted from Latin,English,"philosophical,obscure",,,,,n,,,,,,,
lethologica,The inability to remember a word or put your finger on the right term.,n.,leth-uh-LOJ-ih-kuh,Formed from Greek roots,English,"psychology,obscure",https://www.dictionary.com/e/tip-of-the-tongue/,,,,n,,,,,,,
liberosis,The desire to care less about things.,n.,lib-er-OH-sis,Modern coined word,English,"psychology,obscure",https://www.thedictionaryofobscuresorrows.com/word/liberosis,,,,n,,,,,,,
limerence,Intense romantic infatuation,n.,LIM-er-uhns,Modern coined word,English,"psychology,romantic,neologism,emotion",https://api.dictionaryapi.dev/api/v2/entries/en/limerence,https://api.datamuse.com/words?sp=limerence&md=dp&max=1,,,n,,,,,,,
litost,"A state of grief, torment, or agony triggered by the sudden awareness of one’s own misery.",n.,LEE-tost,,Czech,existential,https://www.merriam-webster.com/dictionary/litost,,,,n,,,,,,,
logophile,A fascination or obsession with words,n.,LOG-uh-file,Formed from Greek roots,English,"academia,psychology",https://en.wiktionary.org/wiki/logophile,,,,y,,,,,,,
lollygag,To waste time or dawdle,n.,LOL-ee-gag,Origin uncertain; American English,English,"humorous,slang",https://en.wiktionary.org/wiki/lollygag,https://api.datamuse.com/words?sp=lollygag&md=dp&max=1,,,n,,,,,,,
loquacious,Tending to talk a great deal; talkative.,adj.,loh-KWAY-shuhs,Adopted from Latin,English,trait,https://www.merriam-webster.com/dictionary/loquacious,,,,n,,,,,,,
lorn,"Forsaken, desolate, bereft, or forlorn.",adj.,LORN,Native English / Old English,English,poetic,https://www.dictionary.com/browse/lorn,,,,n,,,,,,,
ludic,Showing spontaneous and undirected playfulness.,adj.,LOO-dik,Adopted from Latin,English,"humorous,trait",https://www.merriam-webster.com/dictionary/ludic,,,,n,,,,,,,
lugubrious,Mournful; gloomy,important little man,loo-GOO-bree-us,Adopted from Latin,English,"poetic,emotion,trait",,,,,n,,,,,,,
lunkhead,Someone slow-witted,n.,LUNK-hed,Formed in English slang,English,"humorous,slang",,,,,n,,,,,,,
lypophrenia,A vague feeling of sadness without any apparent cause.,n.,ly-poh-FREE-nee-uh,Modern coinage from Greek roots,English,"psychology,neologism,obscure",https://www.dictionary.com/browse/lypophrenia,,,,n,,,,,,,
magnanimous,Generous and forgiving,adj.,mag-NAN-uh-muhs,Adopted from Latin,English,trait,,,,,n,,,,,,,
malarkey,Nonsense or foolish talk,n.,muh-LAR-kee,Origin uncertain; American English slang,English,"humorous,slang",https://en.wiktionary.org/wiki/malarkey,https://api.datamuse.com/words?sp=malarkey&md=dp&max=1,,,n,,,,,,,
malediction,A curse; the calling down of a curse.,n.,mal-uh-DIK-shun,Adopted from Latin,English,"archaic,poetic",,,,,n,,,,,,,
meaculpa,An acknowledgment of one's fault or error.,n.,MAY-uh KUHL-puh,,Latin,emotion,https://www.merriam-webster.com/dictionary/mea-culpa,,,,n,,,,,,,
melancholic,Deeply thoughtful or sad,adj.,mel-uhn-KOL-ik,Adopted from Greek,English,"emotion,trait",,,,,n,,,,,,,
mementovivere,Remember to live.,phr.,muh-MEN-toh VEE-veh-reh,,Latin,"philosophical,existential",https://www.merriam-webster.com/dictionary/memento%20vivere,,,,n,,,,,,,
mercurial,Changing moods rapidly,adj.,mer-KYUR-ee-ul,Adopted from Latin,English,"emotion,trait",,,,,n,,,,,,,
meretricious,"Based on pretense, deception, or insincerity",adj.,mer-ih-TRISH-uhs,Adopted from Latin,English,trait,https://www.merriam-webster.com/dictionary/meretricious,,,,n,,,,,,,
miasmic,Producing an unpleasant or unwholesome atmosphere.,adj.,my-AZ-mik,Adopted from Greek,English,poetic,https://www.merriam-webster.com/dictionary/miasmic,,,,n,,,,,,,
micawber,"A person who is habitually optimistic, expecting that “something will turn up.”",n.,MIK-aw-ber,Literary surname coined in English,English,obscure,https://www.merriam-webster.com/dictionary/Micawber,,,,n,,,,,,,
monachopsis,The subtle but persistent feeling of being out of place.,n.,mon-uh-KOP-sis,Modern coined word,English,"psychology,neologism,existential,obscure",https://www.thedictionaryofobscuresorrows.com/word/monachopsis,,,,n,,,,,,,
morose,Gloomy and sullen,adj.,muh-ROHS,Adopted from Latin,English,"emotion,trait",,,,,n,,,,,,,
mumpsimus,Stubborn adherence to an error,n.,MUMP-sih-muhs,Adopted from Latin,English,"obscure,trait",,,,,n,,,,,,,
myopic,Nearsighted; lacking imagination or foresight.,adj.,my-OP-ik,Adopted from Greek,English,trait,https://www.merriam-webster.com/dictionary/myopic,,,,n,,,,,,,
nefelibata,"A dreamer who lives in the clouds of their own imagination; an unconventional, unorthodox person.",n.,neh-feh-lee-BAH-tuh,,Portuguese,poetic,https://en.wiktionary.org/wiki/nefelibata,,,,n,,,,,,,
nescience,Lack of knowledge; ignorance,n.,NESH-ee-uhns,Adopted from Latin,English,"academia,philosophical",,,,,n,,,,,,,
nigh,Nearly; almost,adv.,nahy,Native English / Old English,English,"archaic,poetic",https://www.dictionary.com/browse/nigh,https://en.wiktionary.org/wiki/nigh,,,n,,,,,,,
nimiety,Excess; too much,n.,nih-MY-uh-tee,Adopted from Latin,English,obscure,,,,,n,,,,,,,
nincompoop,A foolish person,n.,NIN-kuhm-poop,Origin uncertain; English slang,English,"humorous,slang",,,,,y,,,,,,,
noceur,"A person who stays up late, especially one who enjoys nightlife.",n.,nuh-SUR,,French,obscure,https://en.wiktionary.org/wiki/noceur,,,,n,,,,,,,
nomophobia,Fear of being without mobile phone coverage. (NO MObile PHOne phoBIA),n.,noh-muh-FOH-bee-uh,Modern acronym/coinage,English,"psychology,humorous,phobia",https://pmc.ncbi.nlm.nih.gov/articles/PMC6510111/,,,,y,,,,,,,
novercaphobia,Fear of your stepmother,n.,noh-VER-kuh-FOH-bee-uh,Formed from Latin/Greek roots,English,"psychology,humorous,phobia",https://www.fearof.net/fear-of-stepmothers-phobia-novercaphobia/,,,,y,,,,,,,
nudiustertian,Of the day before yesterday,adj.,noo-dee-us-TUR-shun,,Latin,"archaic,obscure",,,,,n,,,,,,,
nyctophile,A person who loves night; someone who finds comfort in darkness.,n.,NIK-toh-file,Formed from Greek roots,English,"psychology,obscure",https://en.wiktionary.org/wiki/nyctophile,,,,n,,,,,,,
nyctophobia,Fear of the dark,n.,nik-tuh-FOH-bee-uh,Formed from Greek roots,English,"psychology,phobia",https://www.fearof.net/?s=nyctophobia,,,,n,,,,,,,
obdurate,Stubbornly refusing change,adj.,OB-doo-rit,Adopted from Latin,English,trait,,,,,n,,,,,,,
obfuscate,To deliberately confuse,v.,OB-fuh-skayt,Adopted from Latin,English,"academia,trait",,,,,y,,,,,,,
obstreperous,Noisy and difficult to control,established; habitual,ob-STREP-er-us,Adopted from Latin,English,trait,,,,,n,,,,,,,
omnia causa fliunt,Everything happens for a reason.,phr.,OHM-nee-uh KOW-suh FEE-yunt,,Latin,"philosophical,existential",https://en.wiktionary.org/wiki/omnia_causa_fiunt,,,,n,,,,,,,
oneirataxia,The inability to distinguish between fantasy and reality,n.,oh-neer-uh-TAK-see-uh,Modern coinage from Greek roots,English,"psychology,neologism,obscure",https://en.wiktionary.org/wiki/oneirataxia,,,,n,,,,,,,
onerous,Burdensome; oppressive,adj.,AH-nuh-rus,Adopted from Latin,English,trait,,,,,n,,,,,,,
ostentatious,Characterized by vulgar or pretentious display.,adj.,os-ten-TAY-shuhs,Adopted from Latin,English,trait,https://www.merriam-webster.com/dictionary/ostentatious,,,,n,,,,,,,
overmorrow,The day after tomorrow,n.,OH-ver-MOR-oh,Native English / Old English,English,"archaic,poetic",,,,,y,,,,,,,
pax,Peace,n.,PAKS,,Latin,"philosophical,poetic",,,,,n,,,,,,,
pedantic,Overly concerned with minor details,adj.,pih-DAN-tik,Adopted from French / Italian,English,"academia,trait",,,,,n,,,,,,,
pensive,Deeply thoughtful,adj.,PEN-siv,Adopted from Old French / Latin,English,"philosophical,emotion",,,,,n,,,,,,,
peregrinate,Travel or wander,v.,PAIR-uh-gruh-nayt,Adopted from Latin,English,"poetic,obscure",,,,,n,,,,,,,
philophobia,The fear of falling or being in love,n.,fil-uh-FOH-bee-uh,Formed from Greek roots,English,"psychology,romantic,phobia",https://www.fearof.net/?s=philophobia,,,,n,,,,,,,
phlegmatic,Calm and unemotional,adj.,fleg-MAT-ik,Adopted from Greek,English,"emotion,trait",,,,,y,,,,,,,
piffle,Trivial nonsense,n.,PIF-l,Origin uncertain; English slang,English,"humorous,slang",,,,,n,,,,,,,
pistanthrophobia,Fear of trusting people due to past experiences with relationships gone bad,n.,pih-stuhn-THROH-puh-bee-uh,Formed from Greek roots,English,"psychology,romantic,phobia",https://en.wiktionary.org/wiki/pistanthrophobia,,,,n,,,,,,,
poppycock,Ridiculous or untrue ideas,n.,POP-ee-kok,Adopted from Dutch,English,"humorous,slang",https://en.wiktionary.org/wiki/poppycock,https://api.datamuse.com/words?sp=poppycock&md=dp&max=1,,,n,,,,,,,
prevaricate,Speak or act in an evasive way; to avoid giving a direct answer or telling the truth,v.,pri-VAIR-ih-kayt,Adopted from Latin,English,trait,https://www.merriam-webster.com/dictionary/prevaricate,,,,n,,,,,,,
psychodysleptic,That which brings on a dreamlike mental state; hallucinogenic,adj.,sy-koh-dis-LEP-tik,Formed from Greek roots,English,"psychology,obscure",https://en.wiktionary.org/wiki/psychodysleptic,,,,n,,,,,,,
psychosomatic,Of or relating to a physical disorder that is caused by or notably influenced by emotional factors.,adj.,sy-koh-suh-MAT-ik,Formed from Greek roots,English,psychology,https://www.merriam-webster.com/dictionary/psychosomatic,,,,n,,,,,,,
pugnacious,"Eager or quick to argue, quarrel, or fight",adj.,puhg-NAY-shuhs,Adopted from Latin,English,trait,https://www.merriam-webster.com/dictionary/pugnacious,,,,n,,,,,,,
querulous,Habitually complaining,adj.,KWAIR-yuh-luhs,Adopted from Latin,English,trait,https://en.wiktionary.org/wiki/querulous,https://api.datamuse.com/words?sp=querulous&md=dp&max=1,,,y,,,,,,,
queserasera,"Whatever will be, will be.",phr.,kay suh-RAH suh-RAH,,Portuguese,"philosophical,existential","https://en.wiktionary.org/wiki/que_sera,_sera",,,,n,,,,,,,
quiddling,Busying oneself with trifles.,v.,KWID-ling,Origin uncertain; English,English,"humorous,obscure",https://www.dictionary.com/browse/quiddling,,,,n,,,,,,,
quixotic,"Extravagantly chivalrous or romantic; visionary, impractical, or impracticable; impulsive and often rashly unpredictable",adj.,kwik-SOT-ik,Adopted from Spanish name,English,"romantic,obscure",https://www.merriam-webster.com/dictionary/quixotic,,,,n,,,,,,,
ragamuffin,A scruffy person,n.,RAG-uh-muf-in,Origin uncertain; English,English,"humorous,slang",,,,,y,,,,,,,
rantipole,"A wild, reckless young person",n.,RAN-tih-pohl,Origin uncertain; English dialect,English,obscure,https://www.merriam-webster.com/dictionary/rantipole,,,,n,,,,,,,
recalcitrant,Having an obstinately uncooperative attitude toward authority or discipline.,adj.,rih-KAL-sih-truhnt,Adopted from Latin,English,trait,https://www.merriam-webster.com/dictionary/recalcitrant,,,,n,,,,,,,
reticent,Disposed to be silent or not to speak freely; reluctant or restrained,adj.,RET-ih-suhnt,Adopted from Latin,English,trait,https://www.merriam-wehttps://www.merriam-webster.com/dictionary/reveriebster.com/dictionary/reticent,,,,n,,,,,,,
reverie,A state of dreamy meditation or a fanciful musing; a daydream,n.,REV-uh-ree,Adopted from French,English,"psychology,poetic",https://www.merriam-webster.com/dictionary/reverie,,,,n,,,,,,,
sagacious,Wise and insightful,adj.,suh-GAY-shuhs,Adopted from Latin,English,"academia,trait",,,,,n,,,,,,,
sanguine,"Optimistic or positive, especially in an apparently bad or difficult situation.",adj.,SANG-gwin,Adopted from Latin,English,"emotion,trait",https://www.merriam-webster.com/dictionary/sanguine,,,,n,,,,,,,
sapiosexual,One who is attracted to or aroused by intelligence in others,n.,say-pee-oh-SEK-shoo-uhl,Formed from Latin roots,English,psychology,https://en.wiktionary.org/wiki/sapiosexual,,,,n,,,,,,,
sciamachy,A battle against imaginary enemies; fighting your shadow,n.,skee-AH-muh-kee,Formed from Greek roots,English,"psychology,obscure",https://www.merriam-webster.com/dictionary/sciamachy,,,,n,,,,,,,
scrofulous,Morally tainted,adj.,SKROF-yuh-luhs,Adopted from Latin,English,obscure,https://www.merriam-webster.com/dictionary/scrofulous,,,,n,,,,,,,
sedulous,Diligent in application or attention; persevering; assiduous.,adj.,SEJ-uh-luhs,Adopted from Latin,English,trait,https://www.dictionary.com/browse/sedulous,,,,n,,,,,,,
selcouth,"Unfamiliar, rare, strange, and yet marvelous",adj.,SEL-kooth,Native English / Old English,English,obscure,https://www.dictionary.com/browse/selcouth,,,,n,,,,,,,
sempiternal,Everlasting or eternal,adj.,sem-pih-TUR-nuhl,Adopted from Latin,English,"philosophical,existential",https://en.wiktionary.org/wiki/sempiternal,https://api.datamuse.com/words?sp=sempiternal&md=dp&max=1,,,n,,,,,,,
serendipity,A happy and unexpected discovery,n.,sair-uhn-DIP-ih-tee,Adopted from Persian place name via English,English,"poetic,emotion",https://en.wiktionary.org/wiki/serendipity,https://api.datamuse.com/words?sp=serendipity&md=dp&max=1,,,n,,,,,,,
shlimazl,Someone who is always unlucky,n.,shli-MAH-zuhl,,Yiddish,"slang,trait",https://www.google.com/url?sa=t&source=web&rct=j&opi=89978449&url=https://www.dictionary.com/browse/shlimazl&ved=2ahUKEwim98jCtbuNAxVUMNAFHW9aFgcQFnoECDIQAQ&usg=AOvVaw0QlIBJ8JZPFM1IJ_XBfYR3,,,,y,,,,,,,
sirenize,"To enchant, bewitch, or lure as a siren would.",v.,SY-ruh-nyze,Formed from Greek/Latin mythic root,English,"poetic,obscure",https://www.google.com/url?sa=t&source=web&rct=j&opi=89978449&url=https://www.collinsdictionary.com/us/dictionary/english/sirenize&ved=2ahUKEwjVgseDtruNAxWKMdAFHbtcNoQQFnoECDIQAQ&usg=AOvVaw18vGmLKe94Smm-po9g4_Cv,,,,y,,,,,,,
skedaddle,To run away quickly,v.,skih-DAD-ul,Origin uncertain; American English,English,"humorous,slang",,,,,n,,,,,,,
skullduggery,Dishonest behavior,n.,skull-DUG-uh-ree,Origin uncertain; Scots/English,English,"humorous,slang,trait",,,,,n,,,,,,,
snollygoster,A clever but dishonest person,n.,SNAH-lee-gos-ter,Origin uncertain; American English,English,"humorous,slang,trait",,,,,n,,,,,,,
sobersides,A humorless or habitually serious person.,n.,SOH-ber-sydz,Formed in English,English,"humorous,obscure",https://www.dictionary.com/browse/sobersides,,,,n,,,,,,,
solivagant,A solitary wanderer.,n.,soh-LIV-uh-guhnt,Formed from Latin roots,English,"poetic,obscure",https://www.google.com/url?sa=t&source=web&rct=j&opi=89978449&url=https://www.merriam-webster.com/dictionary/solivagant&ved=2ahUKEwiTj5CitruNAxXiMNAFHfQfFOkQFnoECCAQAQ&usg=AOvVaw0qvWyXi33Rseda9cyZFQtN,,,,n,,,,,,,
spavined,Old and decrepit; over-the-hill.,adj.,SPAV-ind,Adopted from Old French,English,obscure,https://www.merriam-webster.com/dictionary/spavined,,,,n,,,,,,,
spheksophobia,Fear of wasps,n.,sfek-soh-FOH-bee-uh,Formed from Greek roots,English,"psychology,phobia",https://www.fearof.net/?s=spheksophobia,,,,n,,,,,,,
stravage,To wander aimlessly,v.,struh-VAYG,,Irish,obscure,https://www.dictionary.com/browse/stravage,,,,n,,,,,,,
suasion,The act of gently persuading or influencing someone.,n.,SWAY-zhuhn,Adopted from Latin,English,psychology,https://www.dictionary.com/browse/suasion,,,,n,,,,,,,
subservient,Willing to do what other people want,adj.,suhb-SUR-vee-uhnt,Adopted from Latin,English,trait,https://www.dictionary.com/browse/subservient,,,,n,,,,,,,
Supercilious,Behaving as if superior,adj.,soo-per-SIL-ee-uhs,Adopted from Latin,English,trait,,,,,n,,,,,,,
sycophantic,Excessively flattering,adj.,sik-uh-FAN-tik,Adopted from Greek,English,trait,,,,,n,,,,,,,
taciturn,Silent; not talkative,adj.,TAS-ih-turn,Adopted from Latin,English,trait,https://www.dictionary.com/browse/taciturn,,,,n,,,,,,,
terse,Sparing in the use of words; abrupt.,adj.,TURS,Adopted from Latin,English,trait,https://www.merriam-webster.com/dictionary/terse,,,,n,,,,,,,
thantophobia,The phobia of losing someone you love,n.,than-tuh-FOH-bee-uh,Formed from Greek roots,English,"psychology,phobia,emotion",https://www.fearof.net/?s=thantophobia,,,,n,,,,,,,
tohu-bohu,Chaos; disorder; confusion.,n.,TOH-hoo BOH-hoo,Adopted from Hebrew,English,obscure,https://www.dictionary.com/browse/tohubohu?misspelling=tohu-bohu&noredirect=true,,,,n,,,,,,,
tomfoolery,Foolish behavior,n.,tom-FOO-luh-ree,Formed in English,English,"humorous,slang",,,,,y,,,,,,,
triskaidekaphobia,Fear of the number 13,n.,tris-ky-dek-uh-FOH-bee-uh,Formed from Greek roots,English,"psychology,phobia",,,,,n,,,,,,,
trypophobia,Fear of patterns of holes or bumps.,n.,try-puh-FOH-bee-uh,Formed from Greek roots,English,"psychology,phobia",https://www.fearof.net/?s=trypophobia,,,,n,,,,,,,
twitterpated,Love-struck; smitten,adj.,TWIT-er-pay-tid,Formed in American English,English,"romantic,humorous",https://www.dictionary.com/browse/twitterpated,,,,n,,,,,,,
ubiquitous,"Present, appearing, or found everywhere.",adj.,yoo-BIK-wih-tuhs,Adopted from Latin,English,academia,https://www.merriam-webster.com/dictionary/ubiquitous,,,,n,,,,,,,
ultracrepidarian,A person who gives opinions on subjects they know nothing about.,n.,ul-truh-krep-ih-DAIR-ee-uhn,Adopted from Latin,English,"obscure,trait",,,,,n,,,,,,,
umbrescence,The quality or state of being shady; shadiness.,n.,um-BRES-uhns,Formed from Latin roots,English,"poetic,obscure",https://www.dictionary.com/browse/umbrescence,,,,n,,,,,,,
unassailable,"Unable to be attacked, questioned, or defeated.",adj.,un-uh-SAY-luh-buhl,Formed in English from Old French/Latin roots,English,trait,https://www.merriam-webster.com/dictionary/unassailable,,,,n,,,,,,,
utopia,An imagined place or state of things in which everything is perfect,n.,yoo-TOH-pee-uh,Adopted from Greek,English,philosophical,https://www.dictionary.com/browse/utopia,,,,n,,,,,,,
vacuous,Having or showing a lack of thought or intelligence; mindless.,adj.,VAK-yoo-uhs,Adopted from Latin,English,trait,https://www.merriam-webster.com/dictionary/vacuous,,,,n,,,,,,,
vagary,"An unpredictable or erratic action, occurrence, course, or instance: the vagaries of weather; the vagaries of the economic scene; a whimsical, wild, or unusual idea, desire, or action.",n.,vuh-GAIR-ee,Adopted from Latin,English,obscure,https://www.dictionary.com/browse/vagary,https://www.thefreedictionary.com/vagary,,,n,,,,,,,
vapid,Without liveliness or spirit; dull or tedious,adj.,VAP-id,Adopted from Latin,English,trait,https://www.dictionary.com/browse/vapid,https://www.oxfordlearnersdictionaries.com/us/definition/english/vapid,,,n,,,,,,,
vellichor,Longing felt in old bookstores,n.,VEL-ih-kor,Modern coined word,English,"academia,neologism,poetic,obscure,emotion",https://www.thedictionaryofobscuresorrows.com/word/vellichor,https://api.datamuse.com/words?sp=vellichor&md=dp&max=1,,,n,,,,,,,
verisimilitude,The appearance of being true or real.,n.,ver-uh-sih-MIL-ih-tood,Adopted from Latin,English,"philosophical,trait",https://www.merriam-webster.com/dictionary/verisimilitude,,,,n,,,,,,,
vetitum,Something forbidden or prohibited.,n.,veh-TEE-tum,,Latin,obscure,"https://en.wikipedia.org/wiki/Vetitum#:~:text=In%20the%20canon%20law%20of,a%20formal%20petition%20for%20nullity.",,,,n,,,,,,,
viridity,Naive innocence,n.,vuh-RID-i-tee,Adopted from Latin,English,"poetic,obscure,trait",https://www.dictionary.com/browse/viridity,,,,y,,,,,,,
whippersnapper,An impudent young person,n.,WIP-er-snap-er,Formed in English,English,"humorous,slang",,,,,n,,,,,,,
wifty,"Someone who is slightly eccentric, scatterbrained, or a bit absent-minded; might seem a little dreamy, distracted, or whimsical, often lost in their own thoughts.",adj.,WIF-tee,Origin uncertain; English,English,"humorous,slang,trait",,,,,y,,,,,,,
xenophile,"A person who is attracted to foreign cultures, people, or customs.",n.,ZEN-uh-file,Formed from Greek roots,English,"psychology,obscure,trait",https://en.wiktionary.org/wiki/xenophile,,,,n,,,,,,,
zeal,Great energy or enthusiasm in pursuit of a cause or objective.,n.,ZEEL,Adopted from Greek,English,emotion,https://www.merriam-webster.com/dictionary/zeal,,,,n,,,,,,,
ad hominem,Someone who  in the face of a specific argument  voices an argument that he does not necessarily accept  for the sake of argument and discovering the truth by testing the opponent's argument  cf  arguendo,phr.,"ad hom-uh-nuhm, -nem",,Latin,"academia,psychology",,https://en.wikipedia.org/wiki/Ad_hominem,,,n,,,,,,,
